{
  "timestamp": "2025-09-03T17:23:22.096285",
  "config": {
    "dataset": "digits",
    "optimizer": "adam",
    "scheduler": "none",
    "batch_size": 16,
    "gradient_counter_stop": 5000
  },
  "initialization_type": "xavier_uniform",
  "final_metrics": {
    "loss": 8.46103465456898e-05,
    "accuracy": 100.0
  },
  "layer_statistics": {
    "conv1.weight": {
      "layer_name": "conv1.weight",
      "shape": [
        32,
        1,
        3,
        3
      ],
      "num_parameters": 288,
      "mean": 0.05838599428534508,
      "std": 0.3256355822086334,
      "min": -0.6795773506164551,
      "max": 0.6483157873153687,
      "median": 0.04305678606033325,
      "l1_norm": 81.25281524658203,
      "l2_norm": 5.614344596862793,
      "percentage_zero": 0.0,
      "percentage_negative": 46.52777777777778
    },
    "conv2.weight": {
      "layer_name": "conv2.weight",
      "shape": [
        64,
        32,
        3,
        3
      ],
      "num_parameters": 18432,
      "mean": -0.001836283947341144,
      "std": 0.08479401469230652,
      "min": -0.40936827659606934,
      "max": 0.43001753091812134,
      "median": -0.0023461540695279837,
      "l1_norm": 1202.96240234375,
      "l2_norm": 11.514717102050781,
      "percentage_zero": 0.0,
      "percentage_negative": 51.220703125
    },
    "fc1.weight": {
      "layer_name": "fc1.weight",
      "shape": [
        128,
        256
      ],
      "num_parameters": 32768,
      "mean": 0.002263303380459547,
      "std": 0.06333771347999573,
      "min": -0.34649085998535156,
      "max": 0.4408673644065857,
      "median": -1.6256148228421807e-05,
      "l1_norm": 1576.6181640625,
      "l2_norm": 11.472668647766113,
      "percentage_zero": 0.0,
      "percentage_negative": 50.0244140625
    },
    "fc2.weight": {
      "layer_name": "fc2.weight",
      "shape": [
        10,
        128
      ],
      "num_parameters": 1280,
      "mean": -0.01015625149011612,
      "std": 0.0968937948346138,
      "min": -0.37222975492477417,
      "max": 0.2143361121416092,
      "median": -0.0007159097585827112,
      "l1_norm": 96.58164978027344,
      "l2_norm": 3.4855690002441406,
      "percentage_zero": 0.0,
      "percentage_negative": 50.390625
    }
  },
  "global_statistics": {
    "weights": {
      "total_parameters": 52768,
      "mean": 0.0008363536326214671,
      "std": 0.07638006657361984,
      "min": -0.6795773506164551,
      "max": 0.6483157873153687,
      "l1_norm": 2957.4150390625,
      "l2_norm": 17.54653549194336,
      "weight_range": 1.3278931379318237
    },
    "biases": {
      "total_parameters": 234,
      "mean": 0.014464271254837513,
      "std": 0.08709345012903214,
      "min": -0.28731322288513184,
      "max": 0.5619946718215942
    }
  }
}