{
  "timestamp": "2025-08-26T13:48:25.794928",
  "config": {
    "dataset": "wine_quality",
    "optimizer": "adam",
    "scheduler": "none",
    "batch_size": 16,
    "gradient_counter_stop": 15000
  },
  "initialization_type": "xavier_uniform",
  "final_metrics": {
    "loss": 0.054625238724796896,
    "accuracy": 98.23994252873563
  },
  "layer_statistics": {
    "fc.0.weight": {
      "layer_name": "fc.0.weight",
      "shape": [
        20,
        12
      ],
      "num_parameters": 240,
      "mean": -0.06757121533155441,
      "std": 0.7416447997093201,
      "min": -3.210519552230835,
      "max": 2.903548240661621,
      "median": -0.08490441739559174,
      "l1_norm": 107.83196258544922,
      "l2_norm": 11.537099838256836,
      "percentage_zero": 0.0,
      "percentage_negative": 58.333333333333336
    },
    "fc.2.weight": {
      "layer_name": "fc.2.weight",
      "shape": [
        20,
        20
      ],
      "num_parameters": 400,
      "mean": -0.01309267058968544,
      "std": 0.26369115710258484,
      "min": -1.6629709005355835,
      "max": 0.8649858236312866,
      "median": -0.01097896695137024,
      "l1_norm": 82.10916137695312,
      "l2_norm": 5.280319690704346,
      "percentage_zero": 0.0,
      "percentage_negative": 51.0
    },
    "fc.4.weight": {
      "layer_name": "fc.4.weight",
      "shape": [
        20,
        20
      ],
      "num_parameters": 400,
      "mean": -0.012862484902143478,
      "std": 0.24591845273971558,
      "min": -0.5663897395133972,
      "max": 0.7588559985160828,
      "median": -0.00969940796494484,
      "l1_norm": 82.57966613769531,
      "l2_norm": 4.925091743469238,
      "percentage_zero": 0.0,
      "percentage_negative": 51.5
    },
    "fc.6.weight": {
      "layer_name": "fc.6.weight",
      "shape": [
        2,
        20
      ],
      "num_parameters": 40,
      "mean": 0.0041774422861635685,
      "std": 0.3400571048259735,
      "min": -0.5185117721557617,
      "max": 0.6757284998893738,
      "median": -0.010650621727108955,
      "l1_norm": 11.465670585632324,
      "l2_norm": 2.150872230529785,
      "percentage_zero": 0.0,
      "percentage_negative": 50.0
    }
  },
  "global_statistics": {
    "weights": {
      "total_parameters": 1080,
      "mean": -0.02447412721812725,
      "std": 0.4185760021209717,
      "min": -3.210519552230835,
      "max": 2.903548240661621,
      "l1_norm": 283.9864501953125,
      "l2_norm": 13.779304504394531,
      "weight_range": 6.114068031311035
    },
    "biases": {
      "total_parameters": 62,
      "mean": -0.015469883568584919,
      "std": 0.19643840193748474,
      "min": -0.37617191672325134,
      "max": 0.5118984580039978
    }
  }
}